id;heure_debut;heure_fin;nombre_heure;date_absence;motif
1;2021-03-25T16:59:09;2021-03-24T22:20:01;62716;2021-03-24;Gorgeous Frozen Chips Architect
2;2021-03-25T07:41:49;2021-03-25T01:46:04;94946;2021-03-25;Table
3;2021-03-25T00:39:02;2021-03-25T10:30:06;91946;2021-03-24;Vanuatu
4;2021-03-25T13:34:05;2021-03-25T01:53:14;62263;2021-03-25;concept
5;2021-03-25T00:26:25;2021-03-25T05:30:59;97607;2021-03-24;microchip calculate
6;2021-03-25T07:18:08;2021-03-25T15:30:48;40657;2021-03-24;Checking Account Hryvnia
7;2021-03-25T14:00:02;2021-03-25T12:12:37;96419;2021-03-25;Beauty Colombian Peso Unidad de Valor Real bandwidth-monitored
8;2021-03-25T17:18:47;2021-03-25T09:30:31;86544;2021-03-25;users Incredible cross-media
9;2021-03-24T23:48:02;2021-03-25T05:21:15;67723;2021-03-24;lavender
10;2021-03-25T04:32:04;2021-03-24T20:04:51;12882;2021-03-25;solution-oriented Cambridgeshire Paradigm
