id;heure_debut;heure_fin;nombre_heure;date_retard;motif
1;2021-03-25T16:25:02;2021-03-25T03:22:55;6946;2021-03-25;Iceland Krona Orchestrator
2;2021-03-25T03:36:05;2021-03-25T08:47:30;71013;2021-03-25;North Carolina
3;2021-03-25T07:52:03;2021-03-25T18:32:29;845;2021-03-24;e-services
4;2021-03-25T04:46:39;2021-03-24T20:36:41;48082;2021-03-24;Decentralized Personal Loan Account Lane
5;2021-03-25T03:02:51;2021-03-24T22:05:11;76020;2021-03-25;Facilitator Optimization
6;2021-03-25T08:20:38;2021-03-24T20:16:00;47447;2021-03-25;Ecuador
7;2021-03-25T09:23:10;2021-03-25T03:23:57;90467;2021-03-25;deposit Table
8;2021-03-25T17:47:44;2021-03-25T09:31:39;92417;2021-03-25;withdrawal Oregon hub
9;2021-03-25T14:56:11;2021-03-25T04:44:25;2365;2021-03-25;United Kingdom Land Gorgeous
10;2021-03-25T15:22:20;2021-03-25T17:05:37;59579;2021-03-25;Fresh
